"product_id","serie_errada","school_id","total_alunos_ativos_impactados"
4334,"1º Ano",15,"0"
27679,"Funcionarios",122,"0"
27707,"Funcionarios",122,"0"
27718,"Funcionarios",122,"0"
27720,"Funcionarios",122,"0"
27728,"Funcionarios",122,"0"
27729,"Funcionarios",122,"0"
27737,"Funcionarios",122,"0"
170724,"Departamento Cultural",175,"0"
170724,"Funcionários Débito em folha",175,"0"
170724,"Instituto Sol",175,"0"
170724,"ISmart",175,"0"
170724,"Professor Contraturno",175,"0"
170739,"Departamento Cultural",175,"0"
170739,"Funcionários Débito em folha",175,"0"
170739,"Instituto Sol",175,"0"
170739,"ISmart",175,"0"
170739,"Professor Contraturno",175,"0"
170746,"Departamento Cultural",175,"0"
170746,"Funcionários Débito em folha",175,"0"
170746,"Instituto Sol",175,"0"
170746,"ISmart",175,"0"
170746,"Professor Contraturno",175,"0"
170755,"Departamento Cultural",175,"0"
170755,"Funcionários Débito em folha",175,"0"
170755,"Instituto Sol",175,"0"
170755,"ISmart",175,"0"
170755,"Professor Contraturno",175,"0"
170758,"Departamento Cultural",175,"0"
170758,"Funcionários Débito em folha",175,"0"
170758,"Instituto Sol",175,"0"
170758,"ISmart",175,"0"
170758,"Professor Contraturno",175,"0"
170763,"Departamento Cultural",175,"0"
170763,"Funcionários Débito em folha",175,"0"
170763,"Instituto Sol",175,"0"
170763,"ISmart",175,"0"
170764,"Departamento Cultural",175,"0"
170764,"Funcionários Débito em folha",175,"0"
170764,"Instituto Sol",175,"0"
170764,"ISmart",175,"0"
170764,"Professor Contraturno",175,"0"
170773,"Departamento Cultural",175,"0"
170773,"Funcionários Débito em folha",175,"0"
170773,"Instituto Sol",175,"0"
170773,"ISmart",175,"0"
170773,"Professor Contraturno",175,"0"
170777,"Departamento Cultural",175,"0"
170777,"Funcionários Débito em folha",175,"0"
170777,"Instituto Sol",175,"0"
170777,"ISmart",175,"0"
170777,"Professor Contraturno",175,"0"
170779,"Departamento Cultural",175,"0"
170779,"Funcionários Débito em folha",175,"0"
170779,"Instituto Sol",175,"0"
170779,"ISmart",175,"0"
170779,"Professor Contraturno",175,"0"
170780,"Departamento Cultural",175,"0"
170780,"Funcionários Débito em folha",175,"0"
170780,"Instituto Sol",175,"0"
170780,"ISmart",175,"0"
170780,"Professor Contraturno",175,"0"
170783,"Departamento Cultural",175,"0"
170783,"Funcionários Débito em folha",175,"0"
170783,"Instituto Sol",175,"0"
170783,"ISmart",175,"0"
170783,"Professor Contraturno",175,"0"
170790,"Departamento Cultural",175,"0"
170790,"Funcionários Débito em folha",175,"0"
170790,"Instituto Sol",175,"0"
170790,"ISmart",175,"0"
170793,"Departamento Cultural",175,"0"
170793,"Funcionários Débito em folha",175,"0"
170793,"Instituto Sol",175,"0"
170793,"ISmart",175,"0"
170793,"Professor Contraturno",175,"0"
170804,"Departamento Cultural",175,"0"
170804,"Funcionários Débito em folha",175,"0"
170804,"Instituto Sol",175,"0"
170804,"ISmart",175,"0"
170804,"Professor Contraturno",175,"0"
170811,"Departamento Cultural",175,"0"
170811,"Funcionários Débito em folha",175,"0"
170811,"Instituto Sol",175,"0"
170811,"ISmart",175,"0"
170811,"Professor Contraturno",175,"0"
170812,"Departamento Cultural",175,"0"
170812,"Funcionários Débito em folha",175,"0"
170812,"Instituto Sol",175,"0"
170812,"ISmart",175,"0"
170815,"Departamento Cultural",175,"0"
170815,"Funcionários Débito em folha",175,"0"
170815,"Instituto Sol",175,"0"
170815,"ISmart",175,"0"
170815,"Professor Contraturno",175,"0"
170824,"Departamento Cultural",175,"0"
170824,"Funcionários Débito em folha",175,"0"
170824,"Instituto Sol",175,"0"
170824,"ISmart",175,"0"
170824,"Professor Contraturno",175,"0"
170841,"Departamento Cultural",175,"0"
170841,"Funcionários Débito em folha",175,"0"
170841,"Instituto Sol",175,"0"
170841,"ISmart",175,"0"
170841,"Professor Contraturno",175,"0"
170851,"Departamento Cultural",175,"0"
170851,"Funcionários Débito em folha",175,"0"
170851,"Instituto Sol",175,"0"
170851,"ISmart",175,"0"
170851,"Professor Contraturno",175,"0"
170859,"Departamento Cultural",175,"0"
170859,"Funcionários Débito em folha",175,"0"
170859,"Instituto Sol",175,"0"
170859,"ISmart",175,"0"
170859,"Professor Contraturno",175,"0"
170860,"Departamento Cultural",175,"0"
170860,"Funcionários Débito em folha",175,"0"
170860,"Instituto Sol",175,"0"
170860,"ISmart",175,"0"
170860,"Professor Contraturno",175,"0"
170880,"Departamento Cultural",175,"0"
170880,"Instituto Sol",175,"0"
170880,"ISmart",175,"0"
170880,"Professor Contraturno",175,"0"
170893,"Departamento Cultural",175,"0"
170893,"Funcionários Débito em folha",175,"0"
170893,"Instituto Sol",175,"0"
170893,"ISmart",175,"0"
170893,"Professor Contraturno",175,"0"
170918,"Departamento Cultural",175,"0"
170918,"Funcionários Débito em folha",175,"0"
170918,"Instituto Sol",175,"0"
170918,"ISmart",175,"0"
170918,"Professor Contraturno",175,"0"
170930,"Departamento Cultural",175,"0"
170930,"Funcionários Débito em folha",175,"0"
170930,"Instituto Sol",175,"0"
170930,"ISmart",175,"0"
170930,"Professor Contraturno",175,"0"
170937,"Departamento Cultural",175,"0"
170937,"Funcionários Débito em folha",175,"0"
170937,"Instituto Sol",175,"0"
170937,"ISmart",175,"0"
170937,"Professor Contraturno",175,"0"
170941,"Departamento Cultural",175,"0"
170941,"Funcionários Débito em folha",175,"0"
170941,"Instituto Sol",175,"0"
170941,"ISmart",175,"0"
170941,"Professor Contraturno",175,"0"
170944,"Departamento Cultural",175,"0"
170944,"Funcionários Débito em folha",175,"0"
170944,"Instituto Sol",175,"0"
170944,"ISmart",175,"0"
170944,"Professor Contraturno",175,"0"
170957,"1º Ano Fundamental I",175,"0"
170957,"2º Ano Fundamental I",175,"0"
170957,"3º Ano Fundamental I",175,"0"
170957,"4º Ano Fundamental I",175,"0"
170957,"5º Ano Fundamental I",175,"0"
170957,"Departamento Cultural",175,"0"
170957,"Funcionários Débito em folha",175,"0"
170957,"Instituto Sol",175,"0"
170957,"ISmart",175,"0"
170957,"Professor Contraturno",175,"0"
170971,"Departamento Cultural",175,"0"
170971,"Funcionários Débito em folha",175,"0"
170971,"Instituto Sol",175,"0"
170971,"ISmart",175,"0"
170971,"Professor Contraturno",175,"0"
170993,"Departamento Cultural",175,"0"
170993,"Funcionários Débito em folha",175,"0"
170993,"Instituto Sol",175,"0"
170993,"ISmart",175,"0"
170993,"Professor Contraturno",175,"0"
171006,"Departamento Cultural",175,"0"
171006,"Funcionários Débito em folha",175,"0"
171006,"Instituto Sol",175,"0"
171006,"ISmart",175,"0"
171006,"Professor Contraturno",175,"0"
171009,"Departamento Cultural",175,"0"
171009,"Funcionários Débito em folha",175,"0"
171009,"Instituto Sol",175,"0"
171009,"ISmart",175,"0"
171009,"Professor Contraturno",175,"0"
171020,"Departamento Cultural",175,"0"
171020,"Funcionários Débito em folha",175,"0"
171020,"Instituto Sol",175,"0"
171020,"ISmart",175,"0"
171020,"Professor Contraturno",175,"0"
171022,"Departamento Cultural",175,"0"
171022,"Funcionários Débito em folha",175,"0"
171022,"Instituto Sol",175,"0"
171022,"ISmart",175,"0"
171024,"Departamento Cultural",175,"0"
171024,"Funcionários Débito em folha",175,"0"
171024,"Instituto Sol",175,"0"
171024,"ISmart",175,"0"
171024,"Professor Contraturno",175,"0"
171030,"Departamento Cultural",175,"0"
171030,"Funcionários Débito em folha",175,"0"
171030,"Instituto Sol",175,"0"
171030,"ISmart",175,"0"
171030,"Professor Contraturno",175,"0"
171033,"Departamento Cultural",175,"0"
171033,"Funcionários Débito em folha",175,"0"
171033,"Instituto Sol",175,"0"
171033,"ISmart",175,"0"
171033,"Professor Contraturno",175,"0"
171034,"Departamento Cultural",175,"0"
171034,"Funcionários Débito em folha",175,"0"
171034,"Instituto Sol",175,"0"
171034,"ISmart",175,"0"
171034,"Professor Contraturno",175,"0"
171037,"Departamento Cultural",175,"0"
171037,"Instituto Sol",175,"0"
171037,"ISmart",175,"0"
171037,"Professor Contraturno",175,"0"
171039,"1º Ano Fundamental I",175,"0"
171039,"2º Ano Fundamental I",175,"0"
171039,"3º Ano Fundamental I",175,"0"
171039,"4º Ano Fundamental I",175,"0"
171039,"5º Ano Fundamental I",175,"0"
171039,"Departamento Cultural",175,"0"
171039,"Funcionários Débito em folha",175,"0"
171039,"Instituto Sol",175,"0"
171039,"ISmart",175,"0"
171039,"Professor Contraturno",175,"0"
171047,"Departamento Cultural",175,"0"
171047,"Funcionários Débito em folha",175,"0"
171047,"Instituto Sol",175,"0"
171047,"ISmart",175,"0"
171047,"Professor Contraturno",175,"0"
171049,"Departamento Cultural",175,"0"
171049,"Funcionários Débito em folha",175,"0"
171049,"Instituto Sol",175,"0"
171049,"ISmart",175,"0"
171049,"Professor Contraturno",175,"0"
81383,"E.F 1º ANO",199,"0"
81383,"E.F 2º ANO",199,"0"
81383,"E.F 3º ANO",199,"0"
81383,"E.F 4º ANO",199,"0"
81383,"E.F 5º ANO",199,"0"
81383,"E.I INFANTIL IV",199,"0"
81383,"E.I INFANTIL V",199,"0"
81384,"E.F 1º ANO",199,"0"
81384,"E.F 2º ANO",199,"0"
81384,"E.F 3º ANO",199,"0"
81384,"E.F 4º ANO",199,"0"
81384,"E.F 5º ANO",199,"0"
81384,"E.I INFANTIL IV",199,"0"
81384,"E.I INFANTIL V",199,"0"
81403,"E.F 1º ANO",199,"0"
81403,"E.F 2º ANO",199,"0"
81403,"E.F 3º ANO",199,"0"
81403,"E.F 4º ANO",199,"0"
81403,"E.F 5º ANO",199,"0"
81403,"E.I INFANTIL IV",199,"0"
81403,"E.I INFANTIL V",199,"0"
81408,"E.F 1º ANO",199,"0"
81408,"E.F 2º ANO",199,"0"
81408,"E.F 3º ANO",199,"0"
81408,"E.F 4º ANO",199,"0"
81408,"E.F 5º ANO",199,"0"
81408,"E.I INFANTIL IV",199,"0"
81408,"E.I INFANTIL V",199,"0"
81409,"E.F 1º ANO",199,"0"
81409,"E.F 2º ANO",199,"0"
81409,"E.F 3º ANO",199,"0"
81409,"E.F 4º ANO",199,"0"
81409,"E.F 5º ANO",199,"0"
81409,"E.I INFANTIL IV",199,"0"
81409,"E.I INFANTIL V",199,"0"
81422,"E.F 1º ANO",199,"0"
81422,"E.F 2º ANO",199,"0"
81422,"E.F 3º ANO",199,"0"
81422,"E.F 4º ANO",199,"0"
81422,"E.F 5º ANO",199,"0"
81422,"E.I INFANTIL IV",199,"0"
81422,"E.I INFANTIL V",199,"0"
81424,"E.F 1º ANO",199,"0"
81424,"E.F 2º ANO",199,"0"
81424,"E.F 3º ANO",199,"0"
81424,"E.F 4º ANO",199,"0"
81424,"E.F 5º ANO",199,"0"
81424,"E.I INFANTIL IV",199,"0"
81424,"E.I INFANTIL V",199,"0"
81429,"E.F 1º ANO",199,"0"
81429,"E.F 2º ANO",199,"0"
81429,"E.F 3º ANO",199,"0"
81429,"E.F 4º ANO",199,"0"
81429,"E.F 5º ANO",199,"0"
81429,"E.I INFANTIL IV",199,"0"
81429,"E.I INFANTIL V",199,"0"
81452,"E.F 1º ANO",199,"0"
81452,"E.F 2º ANO",199,"0"
81452,"E.F 3º ANO",199,"0"
81452,"E.F 4º ANO",199,"0"
81452,"E.F 5º ANO",199,"0"
81452,"E.I INFANTIL IV",199,"0"
81452,"E.I INFANTIL V",199,"0"
81456,"E.F 1º ANO",199,"0"
81456,"E.F 2º ANO",199,"0"
81456,"E.F 3º ANO",199,"0"
81456,"E.F 4º ANO",199,"0"
81456,"E.F 5º ANO",199,"0"
81456,"E.I INFANTIL IV",199,"0"
81456,"E.I INFANTIL V",199,"0"
81462,"E.F 1º ANO",199,"0"
81462,"E.F 2º ANO",199,"0"
81462,"E.F 3º ANO",199,"0"
81462,"E.F 4º ANO",199,"0"
81462,"E.F 5º ANO",199,"0"
81462,"E.I INFANTIL IV",199,"0"
81462,"E.I INFANTIL V",199,"0"
81500,"E.F 1º ANO",199,"0"
81500,"E.F 2º ANO",199,"0"
81500,"E.F 3º ANO",199,"0"
81500,"E.F 4º ANO",199,"0"
81500,"E.F 5º ANO",199,"0"
81500,"E.I INFANTIL IV",199,"0"
81500,"E.I INFANTIL V",199,"0"
81502,"E.F 1º ANO",199,"0"
81502,"E.F 2º ANO",199,"0"
81502,"E.F 3º ANO",199,"0"
81502,"E.F 4º ANO",199,"0"
81502,"E.F 5º ANO",199,"0"
81502,"E.I INFANTIL IV",199,"0"
81502,"E.I INFANTIL V",199,"0"
81504,"E.F 1º ANO",199,"0"
81504,"E.F 2º ANO",199,"0"
81504,"E.F 3º ANO",199,"0"
81504,"E.F 4º ANO",199,"0"
81504,"E.F 5º ANO",199,"0"
81504,"E.I INFANTIL IV",199,"0"
81504,"E.I INFANTIL V",199,"0"
81519,"E.F 1º ANO",199,"0"
81519,"E.F 2º ANO",199,"0"
81519,"E.F 3º ANO",199,"0"
81519,"E.F 4º ANO",199,"0"
81519,"E.F 5º ANO",199,"0"
81519,"E.I INFANTIL IV",199,"0"
81519,"E.I INFANTIL V",199,"0"
191805,"1ª SÉRIE",474,"0"
191805,"1º ANO",474,"0"
191805,"2ª SÉRIE",474,"0"
191805,"2º ANO",474,"0"
191805,"3ª SÉRIE",474,"0"
191805,"3º ANO",474,"0"
191805,"4º ANO",474,"0"
191805,"5º ANO",474,"0"
191805,"6º ANO",474,"0"
191805,"7º ANO",474,"0"
191805,"8º ANO",474,"0"
191805,"9º ANO",474,"0"
191805,"INFANTIL 1",474,"0"
191805,"INFANTIL 2",474,"0"
191805,"Maternal 1",474,"0"
191805,"Maternal 2",474,"0"
191805,"Maternal 3",474,"0"
90568,"1º",828,"0"
90568,"2º",828,"0"
90568,"3º",828,"0"
90568,"4º",828,"0"
90576,"1º",828,"0"
90576,"2º",828,"0"
90576,"3º",828,"0"
90576,"4º",828,"0"
107903,"E.F 1º ANO",1045,"0"
107903,"E.F 2º ANO",1045,"0"
107903,"E.F 3º ANO",1045,"0"
107903,"E.F 4º ANO",1045,"0"
107903,"E.F 5º ANO",1045,"0"
107903,"E.I INFANTIL IV",1045,"0"
107903,"E.I INFANTIL V",1045,"0"
107905,"E.F 1º ANO",1045,"0"
107905,"E.F 2º ANO",1045,"0"
107905,"E.F 3º ANO",1045,"0"
107905,"E.F 4º ANO",1045,"0"
107905,"E.F 5º ANO",1045,"0"
107905,"E.I INFANTIL IV",1045,"0"
107905,"E.I INFANTIL V",1045,"0"
107924,"E.F 1º ANO",1045,"0"
107924,"E.F 2º ANO",1045,"0"
107924,"E.F 3º ANO",1045,"0"
107924,"E.F 4º ANO",1045,"0"
107924,"E.F 5º ANO",1045,"0"
107924,"E.I INFANTIL IV",1045,"0"
107924,"E.I INFANTIL V",1045,"0"
107957,"E.F 1º ANO",1045,"0"
107957,"E.F 2º ANO",1045,"0"
107957,"E.F 3º ANO",1045,"0"
107957,"E.F 4º ANO",1045,"0"
107957,"E.F 5º ANO",1045,"0"
107957,"E.I INFANTIL IV",1045,"0"
107957,"E.I INFANTIL V",1045,"0"
107962,"E.F 1º ANO",1045,"0"
107962,"E.F 2º ANO",1045,"0"
107962,"E.F 3º ANO",1045,"0"
107962,"E.F 4º ANO",1045,"0"
107962,"E.F 5º ANO",1045,"0"
107962,"E.I INFANTIL IV",1045,"0"
107962,"E.I INFANTIL V",1045,"0"
107963,"E.F 1º ANO",1045,"0"
107963,"E.F 2º ANO",1045,"0"
107963,"E.F 3º ANO",1045,"0"
107963,"E.F 4º ANO",1045,"0"
107963,"E.F 5º ANO",1045,"0"
107963,"E.I INFANTIL IV",1045,"0"
107963,"E.I INFANTIL V",1045,"0"
107967,"E.F 1º ANO",1045,"0"
107967,"E.F 2º ANO",1045,"0"
107967,"E.F 3º ANO",1045,"0"
107967,"E.F 4º ANO",1045,"0"
107967,"E.F 5º ANO",1045,"0"
107967,"E.I INFANTIL IV",1045,"0"
107967,"E.I INFANTIL V",1045,"0"
107968,"E.F 1º ANO",1045,"0"
107968,"E.F 2º ANO",1045,"0"
107968,"E.F 3º ANO",1045,"0"
107968,"E.F 4º ANO",1045,"0"
107968,"E.F 5º ANO",1045,"0"
107968,"E.I INFANTIL IV",1045,"0"
107968,"E.I INFANTIL V",1045,"0"
107972,"E.F 1º ANO",1045,"0"
107972,"E.F 2º ANO",1045,"0"
107972,"E.F 3º ANO",1045,"0"
107972,"E.F 4º ANO",1045,"0"
107972,"E.F 5º ANO",1045,"0"
107972,"E.I INFANTIL IV",1045,"0"
107972,"E.I INFANTIL V",1045,"0"
107973,"E.F 1º ANO",1045,"0"
107973,"E.F 2º ANO",1045,"0"
107973,"E.F 3º ANO",1045,"0"
107973,"E.F 4º ANO",1045,"0"
107973,"E.F 5º ANO",1045,"0"
107973,"E.I INFANTIL IV",1045,"0"
107973,"E.I INFANTIL V",1045,"0"
107995,"E.F 1º ANO",1045,"0"
107995,"E.F 2º ANO",1045,"0"
107995,"E.F 3º ANO",1045,"0"
107995,"E.F 4º ANO",1045,"0"
107995,"E.F 5º ANO",1045,"0"
107995,"E.I INFANTIL IV",1045,"0"
107995,"E.I INFANTIL V",1045,"0"
107998,"E.F 1º ANO",1045,"0"
107998,"E.F 2º ANO",1045,"0"
107998,"E.F 3º ANO",1045,"0"
107998,"E.F 4º ANO",1045,"0"
107998,"E.F 5º ANO",1045,"0"
107998,"E.I INFANTIL IV",1045,"0"
107998,"E.I INFANTIL V",1045,"0"
107999,"E.F 1º ANO",1045,"0"
107999,"E.F 2º ANO",1045,"0"
107999,"E.F 3º ANO",1045,"0"
107999,"E.F 4º ANO",1045,"0"
107999,"E.F 5º ANO",1045,"0"
107999,"E.I INFANTIL IV",1045,"0"
107999,"E.I INFANTIL V",1045,"0"
108019,"E.F 1º ANO",1045,"0"
108019,"E.F 2º ANO",1045,"0"
108019,"E.F 3º ANO",1045,"0"
108019,"E.F 4º ANO",1045,"0"
108019,"E.F 5º ANO",1045,"0"
108019,"E.I INFANTIL IV",1045,"0"
108019,"E.I INFANTIL V",1045,"0"
108031,"E.F 1º ANO",1045,"0"
108031,"E.F 2º ANO",1045,"0"
108031,"E.F 3º ANO",1045,"0"
108031,"E.F 4º ANO",1045,"0"
108031,"E.F 5º ANO",1045,"0"
108031,"E.I INFANTIL IV",1045,"0"
108031,"E.I INFANTIL V",1045,"0"
108067,"E.F 1º ANO",1045,"0"
108067,"E.F 2º ANO",1045,"0"
108067,"E.F 3º ANO",1045,"0"
108067,"E.F 4º ANO",1045,"0"
108067,"E.F 5º ANO",1045,"0"
108067,"E.I INFANTIL IV",1045,"0"
108067,"E.I INFANTIL V",1045,"0"
108070,"E.F 1º ANO",1045,"0"
108070,"E.F 2º ANO",1045,"0"
108070,"E.F 3º ANO",1045,"0"
108070,"E.F 4º ANO",1045,"0"
108070,"E.F 5º ANO",1045,"0"
108070,"E.I INFANTIL IV",1045,"0"
108070,"E.I INFANTIL V",1045,"0"
108071,"E.F 1º ANO",1045,"0"
108071,"E.F 2º ANO",1045,"0"
108071,"E.F 3º ANO",1045,"0"
108071,"E.F 4º ANO",1045,"0"
108071,"E.F 5º ANO",1045,"0"
108071,"E.I INFANTIL IV",1045,"0"
108071,"E.I INFANTIL V",1045,"0"
108077,"E.F 1º ANO",1045,"0"
108077,"E.F 2º ANO",1045,"0"
108077,"E.F 3º ANO",1045,"0"
108077,"E.F 4º ANO",1045,"0"
108077,"E.F 5º ANO",1045,"0"
108077,"E.I INFANTIL IV",1045,"0"
108077,"E.I INFANTIL V",1045,"0"
108080,"E.F 1º ANO",1045,"0"
108080,"E.F 2º ANO",1045,"0"
108080,"E.F 3º ANO",1045,"0"
108080,"E.F 4º ANO",1045,"0"
108080,"E.F 5º ANO",1045,"0"
108080,"E.I INFANTIL IV",1045,"0"
108080,"E.I INFANTIL V",1045,"0"
108082,"E.F 1º ANO",1045,"0"
108082,"E.F 2º ANO",1045,"0"
108082,"E.F 3º ANO",1045,"0"
108082,"E.F 4º ANO",1045,"0"
108082,"E.F 5º ANO",1045,"0"
108082,"E.I INFANTIL IV",1045,"0"
108082,"E.I INFANTIL V",1045,"0"
108087,"E.F 1º ANO",1045,"0"
108087,"E.F 2º ANO",1045,"0"
108087,"E.F 3º ANO",1045,"0"
108087,"E.F 4º ANO",1045,"0"
108087,"E.F 5º ANO",1045,"0"
108087,"E.I INFANTIL IV",1045,"0"
108087,"E.I INFANTIL V",1045,"0"
108088,"E.F 1º ANO",1045,"0"
108088,"E.F 2º ANO",1045,"0"
108088,"E.F 3º ANO",1045,"0"
108088,"E.F 4º ANO",1045,"0"
108088,"E.F 5º ANO",1045,"0"
108088,"E.I INFANTIL IV",1045,"0"
108088,"E.I INFANTIL V",1045,"0"
108089,"E.F 1º ANO",1045,"0"
108089,"E.F 2º ANO",1045,"0"
108089,"E.F 3º ANO",1045,"0"
108089,"E.F 4º ANO",1045,"0"
108089,"E.F 5º ANO",1045,"0"
108089,"E.I INFANTIL IV",1045,"0"
108089,"E.I INFANTIL V",1045,"0"
108092,"E.F 1º ANO",1045,"0"
108092,"E.F 2º ANO",1045,"0"
108092,"E.F 3º ANO",1045,"0"
108092,"E.F 4º ANO",1045,"0"
108092,"E.F 5º ANO",1045,"0"
108092,"E.I INFANTIL IV",1045,"0"
108092,"E.I INFANTIL V",1045,"0"
108096,"E.F 1º ANO",1045,"0"
108096,"E.F 2º ANO",1045,"0"
108096,"E.F 3º ANO",1045,"0"
108096,"E.F 4º ANO",1045,"0"
108096,"E.F 5º ANO",1045,"0"
108096,"E.I INFANTIL IV",1045,"0"
108096,"E.I INFANTIL V",1045,"0"
108099,"E.F 1º ANO",1045,"0"
108099,"E.F 2º ANO",1045,"0"
108099,"E.F 3º ANO",1045,"0"
108099,"E.F 4º ANO",1045,"0"
108099,"E.F 5º ANO",1045,"0"
108099,"E.I INFANTIL IV",1045,"0"
108099,"E.I INFANTIL V",1045,"0"
108100,"E.F 1º ANO",1045,"0"
108100,"E.F 2º ANO",1045,"0"
108100,"E.F 3º ANO",1045,"0"
108100,"E.F 4º ANO",1045,"0"
108100,"E.F 5º ANO",1045,"0"
108100,"E.I INFANTIL IV",1045,"0"
108100,"E.I INFANTIL V",1045,"0"
108101,"E.F 1º ANO",1045,"0"
108101,"E.F 2º ANO",1045,"0"
108101,"E.F 3º ANO",1045,"0"
108101,"E.F 4º ANO",1045,"0"
108101,"E.F 5º ANO",1045,"0"
108101,"E.I INFANTIL IV",1045,"0"
108101,"E.I INFANTIL V",1045,"0"
108102,"E.F 1º ANO",1045,"0"
108102,"E.F 2º ANO",1045,"0"
108102,"E.F 3º ANO",1045,"0"
108102,"E.F 4º ANO",1045,"0"
108102,"E.F 5º ANO",1045,"0"
108102,"E.I INFANTIL IV",1045,"0"
108102,"E.I INFANTIL V",1045,"0"
108108,"E.F 1º ANO",1045,"0"
108108,"E.F 2º ANO",1045,"0"
108108,"E.F 3º ANO",1045,"0"
108108,"E.F 4º ANO",1045,"0"
108108,"E.F 5º ANO",1045,"0"
108108,"E.I INFANTIL IV",1045,"0"
108108,"E.I INFANTIL V",1045,"0"
108113,"E.F 1º ANO",1045,"0"
108113,"E.F 2º ANO",1045,"0"
108113,"E.F 3º ANO",1045,"0"
108113,"E.F 4º ANO",1045,"0"
108113,"E.F 5º ANO",1045,"0"
108113,"E.I INFANTIL IV",1045,"0"
108113,"E.I INFANTIL V",1045,"0"
108114,"E.F 1º ANO",1045,"0"
108114,"E.F 2º ANO",1045,"0"
108114,"E.F 3º ANO",1045,"0"
108114,"E.F 4º ANO",1045,"0"
108114,"E.F 5º ANO",1045,"0"
108114,"E.I INFANTIL IV",1045,"0"
108114,"E.I INFANTIL V",1045,"0"
108115,"E.F 1º ANO",1045,"0"
108115,"E.F 2º ANO",1045,"0"
108115,"E.F 3º ANO",1045,"0"
108115,"E.F 4º ANO",1045,"0"
108115,"E.F 5º ANO",1045,"0"
108115,"E.I INFANTIL IV",1045,"0"
108115,"E.I INFANTIL V",1045,"0"
108117,"E.F 1º ANO",1045,"0"
108117,"E.F 2º ANO",1045,"0"
108117,"E.F 3º ANO",1045,"0"
108117,"E.F 4º ANO",1045,"0"
108117,"E.F 5º ANO",1045,"0"
108117,"E.I INFANTIL IV",1045,"0"
108117,"E.I INFANTIL V",1045,"0"
108120,"E.F 1º ANO",1045,"0"
108120,"E.F 2º ANO",1045,"0"
108120,"E.F 3º ANO",1045,"0"
108120,"E.F 4º ANO",1045,"0"
108120,"E.F 5º ANO",1045,"0"
108120,"E.I INFANTIL IV",1045,"0"
108120,"E.I INFANTIL V",1045,"0"
108121,"E.F 1º ANO",1045,"0"
108121,"E.F 2º ANO",1045,"0"
108121,"E.F 3º ANO",1045,"0"
108121,"E.F 4º ANO",1045,"0"
108121,"E.F 5º ANO",1045,"0"
108121,"E.I INFANTIL IV",1045,"0"
108121,"E.I INFANTIL V",1045,"0"
108122,"E.F 1º ANO",1045,"0"
108122,"E.F 2º ANO",1045,"0"
108122,"E.F 3º ANO",1045,"0"
108122,"E.F 4º ANO",1045,"0"
108122,"E.F 5º ANO",1045,"0"
108122,"E.I INFANTIL IV",1045,"0"
108122,"E.I INFANTIL V",1045,"0"
108124,"E.F 1º ANO",1045,"0"
108124,"E.F 2º ANO",1045,"0"
108124,"E.F 3º ANO",1045,"0"
108124,"E.F 4º ANO",1045,"0"
108124,"E.F 5º ANO",1045,"0"
108124,"E.I INFANTIL IV",1045,"0"
108124,"E.I INFANTIL V",1045,"0"
110390,"Jardim I",1079,"0"
110390,"Jardim II",1079,"0"
110390,"Maternal I",1079,"0"
110390,"Maternal II",1079,"0"
110390,"Mini Maternal",1079,"0"
110404,"Jardim I",1079,"0"
110404,"Jardim II",1079,"0"
110404,"Maternal I",1079,"0"
110404,"Maternal II",1079,"0"
110404,"Mini Maternal",1079,"0"
110407,"Jardim I",1079,"0"
110407,"Jardim II",1079,"0"
110407,"Maternal I",1079,"0"
110407,"Maternal II",1079,"0"
110407,"Mini Maternal",1079,"0"
110408,"Jardim I",1079,"0"
110408,"Jardim II",1079,"0"
110408,"Maternal I",1079,"0"
110408,"Maternal II",1079,"0"
110408,"Mini Maternal",1079,"0"
110421,"Jardim I",1079,"0"
110421,"Jardim II",1079,"0"
110421,"Maternal I",1079,"0"
110421,"Maternal II",1079,"0"
110421,"Mini Maternal",1079,"0"
110441,"Jardim I",1079,"0"
110441,"Jardim II",1079,"0"
110441,"Maternal I",1079,"0"
110441,"Maternal II",1079,"0"
110441,"Mini Maternal",1079,"0"
110442,"Jardim I",1079,"0"
110442,"Jardim II",1079,"0"
110442,"Maternal I",1079,"0"
110442,"Maternal II",1079,"0"
110442,"Mini Maternal",1079,"0"
110446,"Jardim I",1079,"0"
110446,"Jardim II",1079,"0"
110446,"Maternal I",1079,"0"
110446,"Maternal II",1079,"0"
110446,"Mini Maternal",1079,"0"
190783,"Alunos Liberados",1153,"0"
190783,"Contraturno-Infantil",1153,"0"
190783,"Contra turno - limite liberado",1153,"0"
190810,"Contraturno/Integral",1153,"0"
190811,"Contraturno/Integral",1153,"0"
190823,"Jardim I",1153,"0"
190823,"Jardim II",1153,"0"
190823,"Limite Liberado",1153,"0"
190823,"Maternal I",1153,"0"
190823,"Maternal II",1153,"0"
190823,"Maternal III",1153,"0"
190824,"Jardim I",1153,"0"
190824,"Jardim II",1153,"0"
190824,"Limite Liberado",1153,"0"
190824,"Maternal I",1153,"0"
190824,"Maternal II",1153,"0"
190824,"Maternal III",1153,"0"
190827,"Contraturno/Integral",1153,"0"
190828,"Contraturno/Integral",1153,"0"
190829,"Contraturno/Integral",1153,"0"
190830,"Contraturno/Integral",1153,"0"
190831,"Contraturno-Infantil",1153,"0"
190831,"Contraturno/Integral",1153,"0"
190834,"Contraturno-Infantil",1153,"0"
190834,"Contraturno/Integral",1153,"0"
129984,"EF I: 1",1246,"0"
129984,"EF I: 2",1246,"0"
129984,"EF I: 3",1246,"0"
129984,"EF I: 4",1246,"0"
129984,"EF I: 5",1246,"0"
129984,"Infantil III",1246,"0"
129984,"Infantil IV",1246,"0"
129984,"Infantil V",1246,"0"
130025,"EF I: 1",1246,"0"
130025,"EF I: 2",1246,"0"
130025,"EF I: 3",1246,"0"
130025,"EF I: 4",1246,"0"
130025,"EF I: 5",1246,"0"
130025,"Infantil III",1246,"0"
130025,"Infantil IV",1246,"0"
130025,"Infantil V",1246,"0"
130080,"EF I: 1",1246,"0"
130080,"EF I: 2",1246,"0"
130080,"EF I: 3",1246,"0"
130080,"EF I: 4",1246,"0"
130080,"EF I: 5",1246,"0"
130080,"Infantil III",1246,"0"
130080,"Infantil IV",1246,"0"
130080,"Infantil V",1246,"0"
130081,"EF I: 1",1246,"0"
130081,"EF I: 2",1246,"0"
130081,"EF I: 3",1246,"0"
130081,"EF I: 4",1246,"0"
130081,"EF I: 5",1246,"0"
130081,"Infantil III",1246,"0"
130081,"Infantil IV",1246,"0"
130081,"Infantil V",1246,"0"
130082,"EF I: 1",1246,"0"
130082,"EF I: 2",1246,"0"
130082,"EF I: 3",1246,"0"
130082,"EF I: 4",1246,"0"
130082,"EF I: 5",1246,"0"
130082,"Infantil III",1246,"0"
130082,"Infantil IV",1246,"0"
130082,"Infantil V",1246,"0"
130092,"EF I: 1",1246,"0"
130092,"EF I: 2",1246,"0"
130092,"EF I: 3",1246,"0"
130092,"EF I: 4",1246,"0"
130092,"EF I: 5",1246,"0"
130092,"Infantil III",1246,"0"
130092,"Infantil IV",1246,"0"
130092,"Infantil V",1246,"0"
130097,"EF I: 1",1246,"0"
130097,"EF I: 2",1246,"0"
130097,"EF I: 3",1246,"0"
130097,"EF I: 4",1246,"0"
130097,"EF I: 5",1246,"0"
130097,"Infantil III",1246,"0"
130097,"Infantil IV",1246,"0"
130097,"Infantil V",1246,"0"
130098,"EF I: 1",1246,"0"
130098,"EF I: 2",1246,"0"
130098,"EF I: 3",1246,"0"
130098,"EF I: 4",1246,"0"
130098,"EF I: 5",1246,"0"
130098,"Infantil III",1246,"0"
130098,"Infantil IV",1246,"0"
130098,"Infantil V",1246,"0"
130105,"EF I: 1",1246,"0"
130105,"EF I: 2",1246,"0"
130105,"EF I: 3",1246,"0"
130105,"EF I: 4",1246,"0"
130105,"EF I: 5",1246,"0"
130105,"Infantil III",1246,"0"
130105,"Infantil IV",1246,"0"
130105,"Infantil V",1246,"0"
157304,"EF I: 1",1293,"0"
157304,"EF I: 2",1293,"0"
157304,"EF I: 3",1293,"0"
157304,"EF I: 4",1293,"0"
157304,"EF I: 5",1293,"0"
157304,"Infantil III",1293,"0"
157304,"Infantil IV",1293,"0"
157304,"Infantil V",1293,"0"
157316,"EF I: 1",1293,"0"
157316,"EF I: 2",1293,"0"
157316,"EF I: 3",1293,"0"
157316,"EF I: 4",1293,"0"
157316,"EF I: 5",1293,"0"
157316,"Infantil III",1293,"0"
157316,"Infantil IV",1293,"0"
157316,"Infantil V",1293,"0"
157323,"EF I: 1",1293,"0"
157323,"EF I: 2",1293,"0"
157323,"EF I: 3",1293,"0"
157323,"EF I: 4",1293,"0"
157323,"EF I: 5",1293,"0"
157323,"Infantil III",1293,"0"
157323,"Infantil IV",1293,"0"
157323,"Infantil V",1293,"0"
157330,"EF I: 1",1293,"0"
157330,"EF I: 2",1293,"0"
157330,"EF I: 3",1293,"0"
157330,"EF I: 4",1293,"0"
157330,"EF I: 5",1293,"0"
157330,"Infantil III",1293,"0"
157330,"Infantil IV",1293,"0"
157330,"Infantil V",1293,"0"
157334,"EF I: 1",1293,"0"
157334,"EF I: 2",1293,"0"
157334,"EF I: 3",1293,"0"
157334,"EF I: 4",1293,"0"
157334,"EF I: 5",1293,"0"
157334,"Infantil III",1293,"0"
157334,"Infantil IV",1293,"0"
157334,"Infantil V",1293,"0"
157335,"EF I: 1",1293,"0"
157335,"EF I: 2",1293,"0"
157335,"EF I: 3",1293,"0"
157335,"EF I: 4",1293,"0"
157335,"EF I: 5",1293,"0"
157335,"Infantil III",1293,"0"
157335,"Infantil IV",1293,"0"
157335,"Infantil V",1293,"0"
157336,"EF I: 1",1293,"0"
157336,"EF I: 2",1293,"0"
157336,"EF I: 3",1293,"0"
157336,"EF I: 4",1293,"0"
157336,"EF I: 5",1293,"0"
157336,"Infantil III",1293,"0"
157336,"Infantil IV",1293,"0"
157336,"Infantil V",1293,"0"
157355,"EF I: 1",1293,"0"
157355,"EF I: 2",1293,"0"
157355,"EF I: 3",1293,"0"
157355,"EF I: 4",1293,"0"
157355,"EF I: 5",1293,"0"
157355,"Infantil III",1293,"0"
157355,"Infantil IV",1293,"0"
157355,"Infantil V",1293,"0"
157356,"EF I: 1",1293,"0"
157356,"EF I: 2",1293,"0"
157356,"EF I: 3",1293,"0"
157356,"EF I: 4",1293,"0"
157356,"EF I: 5",1293,"0"
157356,"Infantil III",1293,"0"
157356,"Infantil IV",1293,"0"
157356,"Infantil V",1293,"0"
154261,"E.F 1º ANO",1400,"0"
154261,"E.F 2º ANO",1400,"0"
154261,"E.F 3º ANO",1400,"0"
154261,"E.F 4º ANO",1400,"0"
154261,"E.F 5º ANO",1400,"0"
154261,"E.I INFANTIL IV",1400,"0"
154261,"E.I INFANTIL V",1400,"0"
154262,"E.F 1º ANO",1400,"0"
154262,"E.F 2º ANO",1400,"0"
154262,"E.F 3º ANO",1400,"0"
154262,"E.F 4º ANO",1400,"0"
154262,"E.F 5º ANO",1400,"0"
154262,"E.I INFANTIL IV",1400,"0"
154262,"E.I INFANTIL V",1400,"0"
154265,"E.F 1º ANO",1400,"0"
154265,"E.F 2º ANO",1400,"0"
154265,"E.F 3º ANO",1400,"0"
154265,"E.F 4º ANO",1400,"0"
154265,"E.F 5º ANO",1400,"0"
154265,"E.I INFANTIL IV",1400,"0"
154265,"E.I INFANTIL V",1400,"0"
154266,"E.F 1º ANO",1400,"0"
154266,"E.F 2º ANO",1400,"0"
154266,"E.F 3º ANO",1400,"0"
154266,"E.F 4º ANO",1400,"0"
154266,"E.F 5º ANO",1400,"0"
154266,"E.I INFANTIL IV",1400,"0"
154266,"E.I INFANTIL V",1400,"0"
154273,"E.F 1º ANO",1400,"0"
154273,"E.F 2º ANO",1400,"0"
154273,"E.F 3º ANO",1400,"0"
154273,"E.F 4º ANO",1400,"0"
154273,"E.F 5º ANO",1400,"0"
154273,"E.I INFANTIL IV",1400,"0"
154273,"E.I INFANTIL V",1400,"0"
154281,"E.F 1º ANO",1400,"0"
154281,"E.F 2º ANO",1400,"0"
154281,"E.F 3º ANO",1400,"0"
154281,"E.F 4º ANO",1400,"0"
154281,"E.F 5º ANO",1400,"0"
154281,"E.I INFANTIL IV",1400,"0"
154281,"E.I INFANTIL V",1400,"0"
154285,"E.F 1º ANO",1400,"0"
154285,"E.F 2º ANO",1400,"0"
154285,"E.F 3º ANO",1400,"0"
154285,"E.F 4º ANO",1400,"0"
154285,"E.F 5º ANO",1400,"0"
154285,"E.I INFANTIL IV",1400,"0"
154285,"E.I INFANTIL V",1400,"0"
154294,"E.F 1º ANO",1400,"0"
154294,"E.F 2º ANO",1400,"0"
154294,"E.F 3º ANO",1400,"0"
154294,"E.F 4º ANO",1400,"0"
154294,"E.F 5º ANO",1400,"0"
154294,"E.I INFANTIL IV",1400,"0"
154294,"E.I INFANTIL V",1400,"0"
154302,"E.F 1º ANO",1400,"0"
154302,"E.F 2º ANO",1400,"0"
154302,"E.F 3º ANO",1400,"0"
154302,"E.F 4º ANO",1400,"0"
154302,"E.F 5º ANO",1400,"0"
154302,"E.I INFANTIL IV",1400,"0"
154302,"E.I INFANTIL V",1400,"0"
154304,"E.F 1º ANO",1400,"0"
154304,"E.F 2º ANO",1400,"0"
154304,"E.F 3º ANO",1400,"0"
154304,"E.F 4º ANO",1400,"0"
154304,"E.F 5º ANO",1400,"0"
154304,"E.I INFANTIL IV",1400,"0"
154304,"E.I INFANTIL V",1400,"0"
154305,"E.F 1º ANO",1400,"0"
154305,"E.F 2º ANO",1400,"0"
154305,"E.F 3º ANO",1400,"0"
154305,"E.F 4º ANO",1400,"0"
154305,"E.F 5º ANO",1400,"0"
154305,"E.I INFANTIL IV",1400,"0"
154305,"E.I INFANTIL V",1400,"0"
154313,"E.F 1º ANO",1400,"0"
154313,"E.F 2º ANO",1400,"0"
154313,"E.F 3º ANO",1400,"0"
154313,"E.F 4º ANO",1400,"0"
154313,"E.F 5º ANO",1400,"0"
154313,"E.I INFANTIL IV",1400,"0"
154313,"E.I INFANTIL V",1400,"0"
154318,"E.F 1º ANO",1400,"0"
154318,"E.F 2º ANO",1400,"0"
154318,"E.F 3º ANO",1400,"0"
154318,"E.F 4º ANO",1400,"0"
154318,"E.F 5º ANO",1400,"0"
154318,"E.I INFANTIL IV",1400,"0"
154318,"E.I INFANTIL V",1400,"0"
154328,"E.F 1º ANO",1400,"0"
154328,"E.F 2º ANO",1400,"0"
154328,"E.F 3º ANO",1400,"0"
154328,"E.F 4º ANO",1400,"0"
154328,"E.F 5º ANO",1400,"0"
154328,"E.I INFANTIL IV",1400,"0"
154328,"E.I INFANTIL V",1400,"0"
154335,"E.F 1º ANO",1400,"0"
154335,"E.F 2º ANO",1400,"0"
154335,"E.F 3º ANO",1400,"0"
154335,"E.F 4º ANO",1400,"0"
154335,"E.F 5º ANO",1400,"0"
154335,"E.I INFANTIL IV",1400,"0"
154335,"E.I INFANTIL V",1400,"0"
154341,"E.F 1º ANO",1400,"0"
154341,"E.F 2º ANO",1400,"0"
154341,"E.F 3º ANO",1400,"0"
154341,"E.F 4º ANO",1400,"0"
154341,"E.F 5º ANO",1400,"0"
154341,"E.I INFANTIL IV",1400,"0"
154341,"E.I INFANTIL V",1400,"0"
154349,"E.F 1º ANO",1400,"0"
154349,"E.F 2º ANO",1400,"0"
154349,"E.F 3º ANO",1400,"0"
154349,"E.F 4º ANO",1400,"0"
154349,"E.F 5º ANO",1400,"0"
154349,"E.I INFANTIL IV",1400,"0"
154349,"E.I INFANTIL V",1400,"0"
154351,"E.F 1º ANO",1400,"0"
154351,"E.F 2º ANO",1400,"0"
154351,"E.F 3º ANO",1400,"0"
154351,"E.F 4º ANO",1400,"0"
154351,"E.F 5º ANO",1400,"0"
154351,"E.I INFANTIL IV",1400,"0"
154351,"E.I INFANTIL V",1400,"0"
154355,"E.F 1º ANO",1400,"0"
154355,"E.F 2º ANO",1400,"0"
154355,"E.F 3º ANO",1400,"0"
154355,"E.F 4º ANO",1400,"0"
154355,"E.F 5º ANO",1400,"0"
154355,"E.I INFANTIL IV",1400,"0"
154355,"E.I INFANTIL V",1400,"0"
154362,"E.F 1º ANO",1400,"0"
154362,"E.F 2º ANO",1400,"0"
154362,"E.F 3º ANO",1400,"0"
154362,"E.F 4º ANO",1400,"0"
154362,"E.F 5º ANO",1400,"0"
154362,"E.I INFANTIL IV",1400,"0"
154362,"E.I INFANTIL V",1400,"0"
154384,"E.F 1º ANO",1400,"0"
154384,"E.F 2º ANO",1400,"0"
154384,"E.F 3º ANO",1400,"0"
154384,"E.F 4º ANO",1400,"0"
154384,"E.F 5º ANO",1400,"0"
154384,"E.I INFANTIL IV",1400,"0"
154384,"E.I INFANTIL V",1400,"0"
154385,"E.F 1º ANO",1400,"0"
154385,"E.F 2º ANO",1400,"0"
154385,"E.F 3º ANO",1400,"0"
154385,"E.F 4º ANO",1400,"0"
154385,"E.F 5º ANO",1400,"0"
154385,"E.I INFANTIL IV",1400,"0"
154385,"E.I INFANTIL V",1400,"0"
154410,"E.F 1º ANO",1400,"0"
154410,"E.F 2º ANO",1400,"0"
154410,"E.F 3º ANO",1400,"0"
154410,"E.F 4º ANO",1400,"0"
154410,"E.F 5º ANO",1400,"0"
154410,"E.I INFANTIL IV",1400,"0"
154410,"E.I INFANTIL V",1400,"0"
154419,"E.F 1º ANO",1400,"0"
154419,"E.F 2º ANO",1400,"0"
154419,"E.F 3º ANO",1400,"0"
154419,"E.F 4º ANO",1400,"0"
154419,"E.F 5º ANO",1400,"0"
154419,"E.I INFANTIL IV",1400,"0"
154419,"E.I INFANTIL V",1400,"0"
154436,"E.F 1º ANO",1400,"0"
154436,"E.F 2º ANO",1400,"0"
154436,"E.F 3º ANO",1400,"0"
154436,"E.F 4º ANO",1400,"0"
154436,"E.F 5º ANO",1400,"0"
154436,"E.I INFANTIL IV",1400,"0"
154436,"E.I INFANTIL V",1400,"0"
154437,"E.F 1º ANO",1400,"0"
154437,"E.F 2º ANO",1400,"0"
154437,"E.F 3º ANO",1400,"0"
154437,"E.F 4º ANO",1400,"0"
154437,"E.F 5º ANO",1400,"0"
154437,"E.I INFANTIL IV",1400,"0"
154437,"E.I INFANTIL V",1400,"0"
154443,"E.F 1º ANO",1400,"0"
154443,"E.F 2º ANO",1400,"0"
154443,"E.F 3º ANO",1400,"0"
154443,"E.F 4º ANO",1400,"0"
154443,"E.F 5º ANO",1400,"0"
154443,"E.I INFANTIL IV",1400,"0"
154443,"E.I INFANTIL V",1400,"0"
154444,"E.F 1º ANO",1400,"0"
154444,"E.F 2º ANO",1400,"0"
154444,"E.F 3º ANO",1400,"0"
154444,"E.F 4º ANO",1400,"0"
154444,"E.F 5º ANO",1400,"0"
154444,"E.I INFANTIL IV",1400,"0"
154444,"E.I INFANTIL V",1400,"0"
154451,"E.F 1º ANO",1400,"0"
154451,"E.F 2º ANO",1400,"0"
154451,"E.F 3º ANO",1400,"0"
154451,"E.F 4º ANO",1400,"0"
154451,"E.F 5º ANO",1400,"0"
154451,"E.I INFANTIL IV",1400,"0"
154451,"E.I INFANTIL V",1400,"0"
154455,"E.F 1º ANO",1400,"0"
154455,"E.F 2º ANO",1400,"0"
154455,"E.F 3º ANO",1400,"0"
154455,"E.F 4º ANO",1400,"0"
154455,"E.F 5º ANO",1400,"0"
154455,"E.I INFANTIL IV",1400,"0"
154455,"E.I INFANTIL V",1400,"0"
154475,"E.F 1º ANO",1400,"0"
154475,"E.F 2º ANO",1400,"0"
154475,"E.F 3º ANO",1400,"0"
154475,"E.F 4º ANO",1400,"0"
154475,"E.F 5º ANO",1400,"0"
154475,"E.I INFANTIL IV",1400,"0"
154475,"E.I INFANTIL V",1400,"0"
154476,"E.F 1º ANO",1400,"0"
154476,"E.F 2º ANO",1400,"0"
154476,"E.F 3º ANO",1400,"0"
154476,"E.F 4º ANO",1400,"0"
154476,"E.F 5º ANO",1400,"0"
154476,"E.I INFANTIL IV",1400,"0"
154476,"E.I INFANTIL V",1400,"0"
154481,"E.F 1º ANO",1400,"0"
154481,"E.F 2º ANO",1400,"0"
154481,"E.F 3º ANO",1400,"0"
154481,"E.F 4º ANO",1400,"0"
154481,"E.F 5º ANO",1400,"0"
154481,"E.I INFANTIL IV",1400,"0"
154481,"E.I INFANTIL V",1400,"0"
154483,"E.F 1º ANO",1400,"0"
154483,"E.F 2º ANO",1400,"0"
154483,"E.F 3º ANO",1400,"0"
154483,"E.F 4º ANO",1400,"0"
154483,"E.F 5º ANO",1400,"0"
154483,"E.I INFANTIL IV",1400,"0"
154483,"E.I INFANTIL V",1400,"0"
154489,"E.F 1º ANO",1400,"0"
154489,"E.F 2º ANO",1400,"0"
154489,"E.F 3º ANO",1400,"0"
154489,"E.F 4º ANO",1400,"0"
154489,"E.F 5º ANO",1400,"0"
154489,"E.I INFANTIL IV",1400,"0"
154489,"E.I INFANTIL V",1400,"0"
154496,"E.F 1º ANO",1400,"0"
154496,"E.F 2º ANO",1400,"0"
154496,"E.F 3º ANO",1400,"0"
154496,"E.F 4º ANO",1400,"0"
154496,"E.F 5º ANO",1400,"0"
154496,"E.I INFANTIL IV",1400,"0"
154496,"E.I INFANTIL V",1400,"0"
154497,"E.F 1º ANO",1400,"0"
154497,"E.F 2º ANO",1400,"0"
154497,"E.F 3º ANO",1400,"0"
154497,"E.F 4º ANO",1400,"0"
154497,"E.F 5º ANO",1400,"0"
154497,"E.I INFANTIL IV",1400,"0"
154497,"E.I INFANTIL V",1400,"0"
154498,"E.F 1º ANO",1400,"0"
154498,"E.F 2º ANO",1400,"0"
154498,"E.F 3º ANO",1400,"0"
154498,"E.F 4º ANO",1400,"0"
154498,"E.F 5º ANO",1400,"0"
154498,"E.I INFANTIL IV",1400,"0"
154498,"E.I INFANTIL V",1400,"0"
154512,"E.F 1º ANO",1400,"0"
154512,"E.F 2º ANO",1400,"0"
154512,"E.F 3º ANO",1400,"0"
154512,"E.F 4º ANO",1400,"0"
154512,"E.F 5º ANO",1400,"0"
154512,"E.I INFANTIL IV",1400,"0"
154512,"E.I INFANTIL V",1400,"0"
154514,"E.F 1º ANO",1400,"0"
154514,"E.F 2º ANO",1400,"0"
154514,"E.F 3º ANO",1400,"0"
154514,"E.F 4º ANO",1400,"0"
154514,"E.F 5º ANO",1400,"0"
154514,"E.I INFANTIL IV",1400,"0"
154514,"E.I INFANTIL V",1400,"0"
154515,"E.F 1º ANO",1400,"0"
154515,"E.F 2º ANO",1400,"0"
154515,"E.F 3º ANO",1400,"0"
154515,"E.F 4º ANO",1400,"0"
154515,"E.F 5º ANO",1400,"0"
154515,"E.I INFANTIL IV",1400,"0"
154515,"E.I INFANTIL V",1400,"0"
154522,"E.F 1º ANO",1400,"0"
154522,"E.F 2º ANO",1400,"0"
154522,"E.F 3º ANO",1400,"0"
154522,"E.F 4º ANO",1400,"0"
154522,"E.F 5º ANO",1400,"0"
154522,"E.I INFANTIL IV",1400,"0"
154522,"E.I INFANTIL V",1400,"0"
154526,"E.F 1º ANO",1400,"0"
154526,"E.F 2º ANO",1400,"0"
154526,"E.F 3º ANO",1400,"0"
154526,"E.F 4º ANO",1400,"0"
154526,"E.F 5º ANO",1400,"0"
154526,"E.I INFANTIL IV",1400,"0"
154526,"E.I INFANTIL V",1400,"0"
154529,"E.F 1º ANO",1400,"0"
154529,"E.F 2º ANO",1400,"0"
154529,"E.F 3º ANO",1400,"0"
154529,"E.F 4º ANO",1400,"0"
154529,"E.F 5º ANO",1400,"0"
154529,"E.I INFANTIL IV",1400,"0"
154529,"E.I INFANTIL V",1400,"0"
154532,"E.F 1º ANO",1400,"0"
154532,"E.F 2º ANO",1400,"0"
154532,"E.F 3º ANO",1400,"0"
154532,"E.F 4º ANO",1400,"0"
154532,"E.F 5º ANO",1400,"0"
154532,"E.I INFANTIL IV",1400,"0"
154532,"E.I INFANTIL V",1400,"0"
154539,"E.F 1º ANO",1400,"0"
154539,"E.F 2º ANO",1400,"0"
154539,"E.F 3º ANO",1400,"0"
154539,"E.F 4º ANO",1400,"0"
154539,"E.F 5º ANO",1400,"0"
154539,"E.I INFANTIL IV",1400,"0"
154539,"E.I INFANTIL V",1400,"0"
154544,"E.F 1º ANO",1400,"0"
154544,"E.F 2º ANO",1400,"0"
154544,"E.F 3º ANO",1400,"0"
154544,"E.F 4º ANO",1400,"0"
154544,"E.F 5º ANO",1400,"0"
154544,"E.I INFANTIL IV",1400,"0"
154544,"E.I INFANTIL V",1400,"0"
154554,"E.F 1º ANO",1400,"0"
154554,"E.F 2º ANO",1400,"0"
154554,"E.F 3º ANO",1400,"0"
154554,"E.F 4º ANO",1400,"0"
154554,"E.F 5º ANO",1400,"0"
154554,"E.I INFANTIL IV",1400,"0"
154554,"E.I INFANTIL V",1400,"0"
160147,"1º ano",1418,"0"
160147,"2º ano",1418,"0"
160147,"3º ano",1418,"0"
160147,"4º ano",1418,"0"
160147,"5º ano",1418,"0"
160176,"1º ano",1418,"0"
160245,"1º ano",1418,"0"
160245,"2º ano",1418,"0"
160245,"3º ano",1418,"0"
160245,"4º ano",1418,"0"
160245,"5º ano",1418,"0"
160245,"6º ano",1418,"0"
160245,"7º ano",1418,"0"
160245,"8º ano",1418,"0"
160245,"9º ano",1418,"0"
160246,"1º ano",1418,"0"
160246,"2º ano",1418,"0"
160246,"3º ano",1418,"0"
160246,"4º ano",1418,"0"
160246,"5º ano",1418,"0"
160246,"6º ano",1418,"0"
160246,"7º ano",1418,"0"
160246,"8º ano",1418,"0"
160246,"9º ano",1418,"0"
160247,"1º ano",1418,"0"
160247,"2º ano",1418,"0"
160247,"3º ano",1418,"0"
160247,"4º ano",1418,"0"
160247,"5º ano",1418,"0"
160247,"6º ano",1418,"0"
160247,"7º ano",1418,"0"
160247,"8º ano",1418,"0"
160247,"9º ano",1418,"0"
161960,"1º Ano Fundamental I",1426,"0"
161960,"2º Ano Fundamental I",1426,"0"
161960,"3º Ano Fundamental I",1426,"0"
161960,"4º Ano Fundamental I",1426,"0"
161965,"1º Ano Fundamental I",1426,"0"
161965,"2º Ano Fundamental I",1426,"0"
161965,"3º Ano Fundamental I",1426,"0"
161965,"4º Ano Fundamental I",1426,"0"
161966,"1º Ano Fundamental I",1426,"0"
161966,"2º Ano Fundamental I",1426,"0"
161966,"3º Ano Fundamental I",1426,"0"
161966,"4º Ano Fundamental I",1426,"0"
161967,"1º Ano Fundamental I",1426,"0"
161967,"2º Ano Fundamental I",1426,"0"
161967,"3º Ano Fundamental I",1426,"0"
161967,"4º Ano Fundamental I",1426,"0"
161968,"1º Ano Fundamental I",1426,"0"
161968,"2º Ano Fundamental I",1426,"0"
161968,"3º Ano Fundamental I",1426,"0"
161968,"4º Ano Fundamental I",1426,"0"
161969,"1º Ano Fundamental I",1426,"0"
161969,"2º Ano Fundamental I",1426,"0"
161969,"3º Ano Fundamental I",1426,"0"
161969,"4º Ano Fundamental I",1426,"0"
161970,"1º Ano Fundamental I",1426,"0"
161970,"2º Ano Fundamental I",1426,"0"
161970,"3º Ano Fundamental I",1426,"0"
161970,"4º Ano Fundamental I",1426,"0"
161973,"1º Ano Fundamental I",1426,"0"
161973,"2º Ano Fundamental I",1426,"0"
161973,"3º Ano Fundamental I",1426,"0"
161973,"4º Ano Fundamental I",1426,"0"
161974,"1º Ano Fundamental I",1426,"0"
161974,"2º Ano Fundamental I",1426,"0"
161974,"3º Ano Fundamental I",1426,"0"
161974,"4º Ano Fundamental I",1426,"0"
161975,"1º Ano Fundamental I",1426,"0"
161975,"2º Ano Fundamental I",1426,"0"
161975,"3º Ano Fundamental I",1426,"0"
161975,"4º Ano Fundamental I",1426,"0"
161976,"1º Ano Fundamental I",1426,"0"
161976,"2º Ano Fundamental I",1426,"0"
161976,"3º Ano Fundamental I",1426,"0"
161976,"4º Ano Fundamental I",1426,"0"
161977,"1º Ano Fundamental I",1426,"0"
161977,"2º Ano Fundamental I",1426,"0"
161977,"3º Ano Fundamental I",1426,"0"
161977,"4º Ano Fundamental I",1426,"0"
161981,"1º Ano Fundamental I",1426,"0"
161981,"2º Ano Fundamental I",1426,"0"
161981,"3º Ano Fundamental I",1426,"0"
161981,"4º Ano Fundamental I",1426,"0"
161983,"1º Ano Fundamental I",1426,"0"
161983,"2º Ano Fundamental I",1426,"0"
161983,"3º Ano Fundamental I",1426,"0"
161983,"4º Ano Fundamental I",1426,"0"
161984,"1º Ano Fundamental I",1426,"0"
161984,"2º Ano Fundamental I",1426,"0"
161984,"3º Ano Fundamental I",1426,"0"
161984,"4º Ano Fundamental I",1426,"0"
161985,"1º Ano Fundamental I",1426,"0"
161985,"2º Ano Fundamental I",1426,"0"
161985,"3º Ano Fundamental I",1426,"0"
161985,"4º Ano Fundamental I",1426,"0"
161987,"1º Ano Fundamental I",1426,"0"
161987,"2º Ano Fundamental I",1426,"0"
161987,"3º Ano Fundamental I",1426,"0"
161987,"4º Ano Fundamental I",1426,"0"
161988,"1º Ano Fundamental I",1426,"0"
161988,"2º Ano Fundamental I",1426,"0"
161988,"3º Ano Fundamental I",1426,"0"
161988,"4º Ano Fundamental I",1426,"0"
161989,"1º Ano Fundamental I",1426,"0"
161989,"2º Ano Fundamental I",1426,"0"
161989,"3º Ano Fundamental I",1426,"0"
161989,"4º Ano Fundamental I",1426,"0"
161990,"1º Ano Fundamental I",1426,"0"
161990,"2º Ano Fundamental I",1426,"0"
161990,"3º Ano Fundamental I",1426,"0"
161990,"4º Ano Fundamental I",1426,"0"
161992,"1º Ano Fundamental I",1426,"0"
161992,"2º Ano Fundamental I",1426,"0"
161992,"3º Ano Fundamental I",1426,"0"
161992,"4º Ano Fundamental I",1426,"0"
161994,"1º Ano Fundamental I",1426,"0"
161994,"2º Ano Fundamental I",1426,"0"
161994,"3º Ano Fundamental I",1426,"0"
161994,"4º Ano Fundamental I",1426,"0"
161995,"1º Ano Fundamental I",1426,"0"
161995,"2º Ano Fundamental I",1426,"0"
161995,"3º Ano Fundamental I",1426,"0"
161995,"4º Ano Fundamental I",1426,"0"
161996,"1º Ano Fundamental I",1426,"0"
161996,"2º Ano Fundamental I",1426,"0"
161996,"3º Ano Fundamental I",1426,"0"
161996,"4º Ano Fundamental I",1426,"0"
161998,"1º Ano Fundamental I",1426,"0"
161998,"2º Ano Fundamental I",1426,"0"
161998,"3º Ano Fundamental I",1426,"0"
161998,"4º Ano Fundamental I",1426,"0"
161999,"1º Ano Fundamental I",1426,"0"
161999,"2º Ano Fundamental I",1426,"0"
161999,"3º Ano Fundamental I",1426,"0"
161999,"4º Ano Fundamental I",1426,"0"
162000,"1º Ano Fundamental I",1426,"0"
162000,"2º Ano Fundamental I",1426,"0"
162000,"3º Ano Fundamental I",1426,"0"
162000,"4º Ano Fundamental I",1426,"0"
162001,"1º Ano Fundamental I",1426,"0"
162001,"2º Ano Fundamental I",1426,"0"
162001,"3º Ano Fundamental I",1426,"0"
162001,"4º Ano Fundamental I",1426,"0"
162002,"1º Ano Fundamental I",1426,"0"
162002,"2º Ano Fundamental I",1426,"0"
162002,"3º Ano Fundamental I",1426,"0"
162002,"4º Ano Fundamental I",1426,"0"
162003,"10º Ano Ensino Médio",1426,"0"
162003,"11º Ano Ensino Médio",1426,"0"
162003,"12º Ano Ensino Médio",1426,"0"
162003,"1º Ano Fundamental I",1426,"0"
162003,"2º Ano Fundamental I",1426,"0"
162003,"3º Ano Fundamental I",1426,"0"
162003,"4º Ano Fundamental I",1426,"0"
162003,"5º Ano Fundamental I",1426,"0"
162003,"6º Ano Fundamental II",1426,"0"
162003,"7º Ano Fundamental II",1426,"0"
162003,"8º Ano Fundamental II",1426,"0"
162003,"9º Ano Fundamental II",1426,"0"
162028,"1º Ano Fundamental I",1426,"0"
162028,"2º Ano Fundamental I",1426,"0"
162028,"3º Ano Fundamental I",1426,"0"
162028,"4º Ano Fundamental I",1426,"0"
162028,"5º Ano Fundamental I",1426,"0"
162032,"1º Ano Fundamental I",1426,"0"
162032,"2º Ano Fundamental I",1426,"0"
162032,"3º Ano Fundamental I",1426,"0"
162032,"4º Ano Fundamental I",1426,"0"
162034,"1º Ano Fundamental I",1426,"0"
162034,"2º Ano Fundamental I",1426,"0"
162034,"3º Ano Fundamental I",1426,"0"
162034,"4º Ano Fundamental I",1426,"0"
162035,"1º Ano Fundamental I",1426,"0"
162035,"2º Ano Fundamental I",1426,"0"
162035,"3º Ano Fundamental I",1426,"0"
162035,"4º Ano Fundamental I",1426,"0"
162036,"1º Ano Fundamental I",1426,"0"
162036,"2º Ano Fundamental I",1426,"0"
162036,"3º Ano Fundamental I",1426,"0"
162036,"4º Ano Fundamental I",1426,"0"
162038,"1º Ano Fundamental I",1426,"0"
162038,"2º Ano Fundamental I",1426,"0"
162038,"3º Ano Fundamental I",1426,"0"
162038,"4º Ano Fundamental I",1426,"0"
162040,"1º Ano Fundamental I",1426,"0"
162040,"2º Ano Fundamental I",1426,"0"
162040,"3º Ano Fundamental I",1426,"0"
162040,"4º Ano Fundamental I",1426,"0"
162041,"1º Ano Fundamental I",1426,"0"
162041,"2º Ano Fundamental I",1426,"0"
162041,"3º Ano Fundamental I",1426,"0"
162041,"4º Ano Fundamental I",1426,"0"
162044,"1º Ano Fundamental I",1426,"0"
162044,"2º Ano Fundamental I",1426,"0"
162044,"3º Ano Fundamental I",1426,"0"
162044,"4º Ano Fundamental I",1426,"0"
162045,"1º Ano Fundamental I",1426,"0"
162045,"2º Ano Fundamental I",1426,"0"
162045,"3º Ano Fundamental I",1426,"0"
162045,"4º Ano Fundamental I",1426,"0"
162047,"1º Ano Fundamental I",1426,"0"
162047,"2º Ano Fundamental I",1426,"0"
162047,"3º Ano Fundamental I",1426,"0"
162047,"4º Ano Fundamental I",1426,"0"
162048,"1º Ano Fundamental I",1426,"0"
162048,"2º Ano Fundamental I",1426,"0"
162048,"3º Ano Fundamental I",1426,"0"
162048,"4º Ano Fundamental I",1426,"0"
162050,"1º Ano Fundamental I",1426,"0"
162050,"2º Ano Fundamental I",1426,"0"
162050,"3º Ano Fundamental I",1426,"0"
162050,"4º Ano Fundamental I",1426,"0"
162051,"1º Ano Fundamental I",1426,"0"
162051,"2º Ano Fundamental I",1426,"0"
162051,"3º Ano Fundamental I",1426,"0"
162051,"4º Ano Fundamental I",1426,"0"
162052,"1º Ano Fundamental I",1426,"0"
162052,"2º Ano Fundamental I",1426,"0"
162052,"3º Ano Fundamental I",1426,"0"
162052,"4º Ano Fundamental I",1426,"0"
162053,"1º Ano Fundamental I",1426,"0"
162053,"2º Ano Fundamental I",1426,"0"
162053,"3º Ano Fundamental I",1426,"0"
162053,"4º Ano Fundamental I",1426,"0"
162054,"1º Ano Fundamental I",1426,"0"
162054,"2º Ano Fundamental I",1426,"0"
162054,"3º Ano Fundamental I",1426,"0"
162054,"4º Ano Fundamental I",1426,"0"
162055,"1º Ano Fundamental I",1426,"0"
162055,"2º Ano Fundamental I",1426,"0"
162055,"3º Ano Fundamental I",1426,"0"
162055,"4º Ano Fundamental I",1426,"0"
162056,"1º Ano Fundamental I",1426,"0"
162056,"2º Ano Fundamental I",1426,"0"
162056,"3º Ano Fundamental I",1426,"0"
162056,"4º Ano Fundamental I",1426,"0"
162058,"1º Ano Fundamental I",1426,"0"
162058,"2º Ano Fundamental I",1426,"0"
162058,"3º Ano Fundamental I",1426,"0"
162058,"4º Ano Fundamental I",1426,"0"
162059,"1º Ano Fundamental I",1426,"0"
162059,"2º Ano Fundamental I",1426,"0"
162059,"3º Ano Fundamental I",1426,"0"
162059,"4º Ano Fundamental I",1426,"0"
162060,"1º Ano Fundamental I",1426,"0"
162060,"2º Ano Fundamental I",1426,"0"
162060,"3º Ano Fundamental I",1426,"0"
162060,"4º Ano Fundamental I",1426,"0"
164838,"1º ano",1436,"0"
165227,"Early chirdhood",1437,"0"
165227,"Elementary - 1º ano",1437,"0"
165236,"Early chirdhood",1437,"0"
165236,"Elementary - 1º ano",1437,"0"
165243,"Early chirdhood",1437,"0"
165243,"Elementary - 1º ano",1437,"0"
165260,"Early chirdhood",1437,"0"
165260,"Elementary - 1º ano",1437,"0"
165271,"Early chirdhood",1437,"0"
165271,"Elementary - 1º ano",1437,"0"
165295,"Early chirdhood",1437,"0"
165295,"Elementary - 1º ano",1437,"0"
165296,"Early chirdhood",1437,"0"
165296,"Elementary - 1º ano",1437,"0"
165299,"Early chirdhood",1437,"0"
165299,"Elementary - 1º ano",1437,"0"
165308,"Early chirdhood",1437,"0"
165308,"Elementary - 1º ano",1437,"0"
165309,"Early chirdhood",1437,"0"
165309,"Elementary - 1º ano",1437,"0"
165309,"Elementary - 2° ano",1437,"0"
165310,"Early chirdhood",1437,"0"
165310,"Elementary - 1º ano",1437,"0"
165312,"Early chirdhood",1437,"0"
165312,"Elementary - 1º ano",1437,"0"
165337,"Early chirdhood",1437,"0"
165337,"Elementary - 1º ano",1437,"0"
165338,"Early chirdhood",1437,"0"
165338,"Elementary - 1º ano",1437,"0"
165339,"Early chirdhood",1437,"0"
165339,"Elementary - 1º ano",1437,"0"
165340,"Early chirdhood",1437,"0"
165340,"Elementary - 1º ano",1437,"0"
165341,"Early chirdhood",1437,"0"
165341,"Elementary - 1º ano",1437,"0"
165342,"Early chirdhood",1437,"0"
165342,"Elementary - 1º ano",1437,"0"
165343,"Early chirdhood",1437,"0"
165343,"Elementary - 1º ano",1437,"0"
165344,"Early chirdhood",1437,"0"
165344,"Elementary - 1º ano",1437,"0"
165345,"Early chirdhood",1437,"0"
165345,"Elementary - 1º ano",1437,"0"
165346,"Early chirdhood",1437,"0"
165346,"Elementary - 1º ano",1437,"0"
165348,"Early chirdhood",1437,"0"
165348,"Elementary - 1º ano",1437,"0"
165351,"Early chirdhood",1437,"0"
165351,"Elementary - 1º ano",1437,"0"
171216,"Departamento Cultural",1460,"0"
171216,"Funcionários Débito em folha",1460,"0"
171216,"Instituto Sol",1460,"0"
171216,"ISmart",1460,"0"
171222,"Departamento Cultural",1460,"0"
171222,"Instituto Sol",1460,"0"
171222,"ISmart",1460,"0"
171222,"Professor Contraturno",1460,"0"
171253,"Departamento Cultural",1460,"0"
171253,"Funcionários Débito em folha",1460,"0"
171253,"Instituto Sol",1460,"0"
171253,"ISmart",1460,"0"
171253,"Professor Contraturno",1460,"0"
171265,"Departamento Cultural",1460,"0"
171265,"Funcionários Débito em folha",1460,"0"
171265,"Instituto Sol",1460,"0"
171265,"ISmart",1460,"0"
171265,"Professor Contraturno",1460,"0"
171270,"Departamento Cultural",1460,"0"
171270,"Funcionários Débito em folha",1460,"0"
171270,"Instituto Sol",1460,"0"
171270,"ISmart",1460,"0"
171270,"Professor Contraturno",1460,"0"
171304,"Departamento Cultural",1460,"0"
171304,"Funcionários Débito em folha",1460,"0"
171304,"Instituto Sol",1460,"0"
171304,"ISmart",1460,"0"
171304,"Professor Contraturno",1460,"0"
171309,"Departamento Cultural",1460,"0"
171309,"Funcionários Débito em folha",1460,"0"
171309,"Instituto Sol",1460,"0"
171309,"ISmart",1460,"0"
171309,"Professor Contraturno",1460,"0"
171349,"1º Ano Fundamental I",1460,"0"
171349,"2º Ano Fundamental I",1460,"0"
171349,"3º Ano Fundamental I",1460,"0"
171349,"4º Ano Fundamental I",1460,"0"
171349,"5º Ano Fundamental I",1460,"0"
171349,"Departamento Cultural",1460,"0"
171349,"Funcionários Débito em folha",1460,"0"
171349,"Instituto Sol",1460,"0"
171349,"ISmart",1460,"0"
171369,"Departamento Cultural",1460,"0"
171369,"Instituto Sol",1460,"0"
171369,"ISmart",1460,"0"
171369,"Professor Contraturno",1460,"0"
171371,"Departamento Cultural",1460,"0"
171371,"Funcionários Débito em folha",1460,"0"
171371,"Instituto Sol",1460,"0"
171371,"ISmart",1460,"0"
171371,"Professor Contraturno",1460,"0"
171434,"Departamento Cultural",1460,"0"
171434,"Funcionários Débito em folha",1460,"0"
171434,"Instituto Sol",1460,"0"
171434,"ISmart",1460,"0"
171434,"Professor Contraturno",1460,"0"
171438,"1º Ano Fundamental I",1460,"0"
171438,"2º Ano Fundamental I",1460,"0"
171438,"3º Ano Fundamental I",1460,"0"
171438,"4º Ano Fundamental I",1460,"0"
171438,"5º Ano Fundamental I",1460,"0"
171438,"Departamento Cultural",1460,"0"
171438,"Funcionários Débito em folha",1460,"0"
171438,"Instituto Sol",1460,"0"
171438,"ISmart",1460,"0"
171438,"Professor Contraturno",1460,"0"
171444,"Departamento Cultural",1460,"0"
171444,"Funcionários Débito em folha",1460,"0"
171444,"Instituto Sol",1460,"0"
171444,"ISmart",1460,"0"
171444,"Professor Contraturno",1460,"0"
171503,"Departamento Cultural",1460,"0"
171503,"Funcionários Débito em folha",1460,"0"
171503,"Instituto Sol",1460,"0"
171503,"ISmart",1460,"0"
171515,"Departamento Cultural",1460,"0"
171515,"Funcionários Débito em folha",1460,"0"
171515,"Instituto Sol",1460,"0"
171515,"ISmart",1460,"0"
171515,"Professor Contraturno",1460,"0"
171530,"Departamento Cultural",1460,"0"
171530,"Funcionários Débito em folha",1460,"0"
171530,"Instituto Sol",1460,"0"
171530,"ISmart",1460,"0"
171530,"Professor Contraturno",1460,"0"
171534,"Departamento Cultural",1460,"0"
171534,"Funcionários Débito em folha",1460,"0"
171534,"Instituto Sol",1460,"0"
171534,"ISmart",1460,"0"
171534,"Professor Contraturno",1460,"0"
171937,"1ª Série EM",1463,"0"
171937,"1º Ano Fundamental I",1463,"0"
171937,"2ª Série EM",1463,"0"
171937,"2º Ano Fundamental I",1463,"0"
171937,"3ª Série EM",1463,"0"
171937,"3º Ano Fundamental I",1463,"0"
171937,"4º Ano Fundamental I",1463,"0"
171937,"5º Ano Fundamental I",1463,"0"
171937,"6º Ano Fundamental II",1463,"0"
171937,"7º Ano Fundamental II",1463,"0"
171937,"8º Ano Fundamental II",1463,"0"
171937,"9º Ano Fundamental II",1463,"0"
196555,"EQUIPE LANCHE INTEGRAL GRATUITO com ALMOÇO COM DESCONTO AVULSO com CANTINA",1532,"0"
196555,"EQUIPE LANCHE INTEGRAL GRATUITO com ALMOÇO COM DESCONTO MENSAL  com CANTINA",1532,"0"
196555,"EQUIPE LANCHE INTEGRAL GRATUITO com ALMOÇO GRATUITO com CANTINA",1532,"0"
196555,"EQUIPE LANCHE INTEGRAL GRATUITO com CANTINA",1532,"0"
196555,"LANCHE INTEGRAL com ALMOÇO com CANTINA",1532,"0"
196555,"LANCHE INTEGRAL com CANTINA",1532,"0"
195986,"Departamento Cultural",1542,"0"
195986,"Funcionários Débito em folha",1542,"0"
195986,"Instituto Sol",1542,"0"
195986,"ISmart",1542,"0"
195986,"Professor Contraturno",1542,"0"
195987,"Departamento Cultural",1542,"0"
195987,"Funcionários Débito em folha",1542,"0"
195987,"Instituto Sol",1542,"0"
195987,"ISmart",1542,"0"
195987,"Professor Contraturno",1542,"0"
195988,"Departamento Cultural",1542,"0"
195988,"Funcionários Débito em folha",1542,"0"
195988,"Instituto Sol",1542,"0"
195988,"ISmart",1542,"0"
195988,"Professor Contraturno",1542,"0"
195989,"Departamento Cultural",1542,"0"
195989,"Funcionários Débito em folha",1542,"0"
195989,"Instituto Sol",1542,"0"
195989,"ISmart",1542,"0"
195990,"Departamento Cultural",1542,"0"
195990,"Funcionários Débito em folha",1542,"0"
195990,"Instituto Sol",1542,"0"
195990,"ISmart",1542,"0"
195990,"Professor Contraturno",1542,"0"
195992,"Departamento Cultural",1542,"0"
195992,"Funcionários Débito em folha",1542,"0"
195992,"Instituto Sol",1542,"0"
195992,"ISmart",1542,"0"
195992,"Professor Contraturno",1542,"0"
195993,"Departamento Cultural",1542,"0"
195993,"Funcionários Débito em folha",1542,"0"
195993,"Instituto Sol",1542,"0"
195993,"ISmart",1542,"0"
195993,"Professor Contraturno",1542,"0"
195994,"Departamento Cultural",1542,"0"
195994,"Funcionários Débito em folha",1542,"0"
195994,"Instituto Sol",1542,"0"
195994,"ISmart",1542,"0"
195994,"Professor Contraturno",1542,"0"
195995,"Departamento Cultural",1542,"0"
195995,"Funcionários Débito em folha",1542,"0"
195995,"Instituto Sol",1542,"0"
195995,"ISmart",1542,"0"
195996,"Departamento Cultural",1542,"0"
195996,"Funcionários Débito em folha",1542,"0"
195996,"Instituto Sol",1542,"0"
195996,"ISmart",1542,"0"
195996,"Professor Contraturno",1542,"0"
195997,"Departamento Cultural",1542,"0"
195997,"Funcionários Débito em folha",1542,"0"
195997,"Instituto Sol",1542,"0"
195997,"ISmart",1542,"0"
195997,"Professor Contraturno",1542,"0"
195998,"Departamento Cultural",1542,"0"
195998,"Funcionários Débito em folha",1542,"0"
195998,"Instituto Sol",1542,"0"
195998,"ISmart",1542,"0"
195998,"Professor Contraturno",1542,"0"
195999,"Departamento Cultural",1542,"0"
195999,"Funcionários Débito em folha",1542,"0"
195999,"Instituto Sol",1542,"0"
195999,"ISmart",1542,"0"
195999,"Professor Contraturno",1542,"0"
196000,"Departamento Cultural",1542,"0"
196000,"Funcionários Débito em folha",1542,"0"
196000,"Instituto Sol",1542,"0"
196000,"ISmart",1542,"0"
196000,"Professor Contraturno",1542,"0"
196002,"Departamento Cultural",1542,"0"
196002,"Funcionários Débito em folha",1542,"0"
196002,"Instituto Sol",1542,"0"
196002,"ISmart",1542,"0"
196002,"Professor Contraturno",1542,"0"
196003,"Departamento Cultural",1542,"0"
196003,"Funcionários Débito em folha",1542,"0"
196003,"Instituto Sol",1542,"0"
196003,"ISmart",1542,"0"
196003,"Professor Contraturno",1542,"0"
196004,"Departamento Cultural",1542,"0"
196004,"Funcionários Débito em folha",1542,"0"
196004,"Instituto Sol",1542,"0"
196004,"ISmart",1542,"0"
196004,"Professor Contraturno",1542,"0"
196005,"Departamento Cultural",1542,"0"
196005,"Funcionários Débito em folha",1542,"0"
196005,"Instituto Sol",1542,"0"
196005,"ISmart",1542,"0"
196007,"Departamento Cultural",1542,"0"
196007,"Funcionários Débito em folha",1542,"0"
196007,"Instituto Sol",1542,"0"
196007,"ISmart",1542,"0"
196007,"Professor Contraturno",1542,"0"
196011,"1º Ano Fundamental I",1542,"0"
196011,"2º Ano Fundamental I",1542,"0"
196011,"3º Ano Fundamental I",1542,"0"
196011,"4º Ano Fundamental I",1542,"0"
196011,"5º Ano Fundamental I",1542,"0"
196011,"Departamento Cultural",1542,"0"
196011,"Funcionários Débito em folha",1542,"0"
196011,"Instituto Sol",1542,"0"
196011,"ISmart",1542,"0"
196011,"Professor Contraturno",1542,"0"
196012,"Departamento Cultural",1542,"0"
196012,"Funcionários Débito em folha",1542,"0"
196012,"Instituto Sol",1542,"0"
196012,"ISmart",1542,"0"
196012,"Professor Contraturno",1542,"0"
196014,"Departamento Cultural",1542,"0"
196014,"Funcionários Débito em folha",1542,"0"
196014,"Instituto Sol",1542,"0"
196014,"ISmart",1542,"0"
196014,"Professor Contraturno",1542,"0"
196026,"Departamento Cultural",1542,"0"
196026,"Funcionários Débito em folha",1542,"0"
196026,"Instituto Sol",1542,"0"
196026,"ISmart",1542,"0"
196026,"Professor Contraturno",1542,"0"
196027,"Departamento Cultural",1542,"0"
196027,"Funcionários Débito em folha",1542,"0"
196027,"Instituto Sol",1542,"0"
196027,"ISmart",1542,"0"
196028,"Departamento Cultural",1542,"0"
196028,"Funcionários Débito em folha",1542,"0"
196028,"Instituto Sol",1542,"0"
196028,"ISmart",1542,"0"
196028,"Professor Contraturno",1542,"0"
196029,"Departamento Cultural",1542,"0"
196029,"Funcionários Débito em folha",1542,"0"
196029,"Instituto Sol",1542,"0"
196029,"ISmart",1542,"0"
196029,"Professor Contraturno",1542,"0"
196030,"Departamento Cultural",1542,"0"
196030,"Funcionários Débito em folha",1542,"0"
196030,"Instituto Sol",1542,"0"
196030,"ISmart",1542,"0"
196030,"Professor Contraturno",1542,"0"
196031,"Departamento Cultural",1542,"0"
196031,"Funcionários Débito em folha",1542,"0"
196031,"Instituto Sol",1542,"0"
196031,"ISmart",1542,"0"
196031,"Professor Contraturno",1542,"0"
196032,"Departamento Cultural",1542,"0"
196032,"Funcionários Débito em folha",1542,"0"
196032,"Instituto Sol",1542,"0"
196032,"ISmart",1542,"0"
196032,"Professor Contraturno",1542,"0"
196033,"Departamento Cultural",1542,"0"
196033,"Funcionários Débito em folha",1542,"0"
196033,"Instituto Sol",1542,"0"
196033,"ISmart",1542,"0"
196033,"Professor Contraturno",1542,"0"
196034,"Departamento Cultural",1542,"0"
196034,"Funcionários Débito em folha",1542,"0"
196034,"Instituto Sol",1542,"0"
196034,"ISmart",1542,"0"
196034,"Professor Contraturno",1542,"0"
196035,"Departamento Cultural",1542,"0"
196035,"Instituto Sol",1542,"0"
196035,"ISmart",1542,"0"
196035,"Professor Contraturno",1542,"0"
196036,"Departamento Cultural",1542,"0"
196036,"Funcionários Débito em folha",1542,"0"
196036,"Instituto Sol",1542,"0"
196036,"ISmart",1542,"0"
196036,"Professor Contraturno",1542,"0"
196037,"Departamento Cultural",1542,"0"
196037,"Funcionários Débito em folha",1542,"0"
196037,"Instituto Sol",1542,"0"
196037,"ISmart",1542,"0"
196037,"Professor Contraturno",1542,"0"
196038,"Departamento Cultural",1542,"0"
196038,"Funcionários Débito em folha",1542,"0"
196038,"Instituto Sol",1542,"0"
196038,"ISmart",1542,"0"
196038,"Professor Contraturno",1542,"0"
196039,"Departamento Cultural",1542,"0"
196039,"Funcionários Débito em folha",1542,"0"
196039,"Instituto Sol",1542,"0"
196039,"ISmart",1542,"0"
196039,"Professor Contraturno",1542,"0"
196044,"Departamento Cultural",1542,"0"
196044,"Funcionários Débito em folha",1542,"0"
196044,"Instituto Sol",1542,"0"
196044,"ISmart",1542,"0"
196044,"Professor Contraturno",1542,"0"
196045,"Departamento Cultural",1542,"0"
196045,"Funcionários Débito em folha",1542,"0"
196045,"Instituto Sol",1542,"0"
196045,"ISmart",1542,"0"
196045,"Professor Contraturno",1542,"0"
196046,"Departamento Cultural",1542,"0"
196046,"Instituto Sol",1542,"0"
196046,"ISmart",1542,"0"
196046,"Professor Contraturno",1542,"0"
196047,"Departamento Cultural",1542,"0"
196047,"Funcionários Débito em folha",1542,"0"
196047,"Instituto Sol",1542,"0"
196047,"ISmart",1542,"0"
196047,"Professor Contraturno",1542,"0"
196048,"Departamento Cultural",1542,"0"
196048,"Funcionários Débito em folha",1542,"0"
196048,"Instituto Sol",1542,"0"
196048,"ISmart",1542,"0"
196048,"Professor Contraturno",1542,"0"
196049,"Departamento Cultural",1542,"0"
196049,"Funcionários Débito em folha",1542,"0"
196049,"Instituto Sol",1542,"0"
196049,"ISmart",1542,"0"
196049,"Professor Contraturno",1542,"0"
196050,"Departamento Cultural",1542,"0"
196050,"Funcionários Débito em folha",1542,"0"
196050,"Instituto Sol",1542,"0"
196050,"ISmart",1542,"0"
196050,"Professor Contraturno",1542,"0"
196051,"Departamento Cultural",1542,"0"
196051,"Funcionários Débito em folha",1542,"0"
196051,"Instituto Sol",1542,"0"
196051,"ISmart",1542,"0"
196051,"Professor Contraturno",1542,"0"
196056,"1º Ano Fundamental I",1542,"0"
196056,"2º Ano Fundamental I",1542,"0"
196056,"3º Ano Fundamental I",1542,"0"
196056,"4º Ano Fundamental I",1542,"0"
196056,"5º Ano Fundamental I",1542,"0"
196056,"Departamento Cultural",1542,"0"
196056,"Funcionários Débito em folha",1542,"0"
196056,"Instituto Sol",1542,"0"
196056,"ISmart",1542,"0"
196056,"Professor Contraturno",1542,"0"
